{
  "version": 1,
  "author": "Anonymous maker",
  "editor": "wokwi",
  "parts": [
    {
      "type": "board-esp32-devkit-c-v4",
      "id": "esp",
      "top": -68.86,
      "left": -53.9,
      "rotate": 90,
      "attrs": { "env": "micropython-20231227-v1.22.0" }
    },
    {
      "type": "board-ssd1306",
      "id": "oled1",
      "top": 223.94,
      "left": -134.17,
      "attrs": { "i2cAddress": "0x3c" }
    },
    {
      "type": "wokwi-pushbutton-6mm",
      "id": "btn1",
      "top": 132.2,
      "left": 96,
      "attrs": { "color": "green", "xray": "1", "key": "8" }
    },
    {
      "type": "wokwi-pushbutton-6mm",
      "id": "btn2",
      "top": 170.6,
      "left": 57.6,
      "attrs": { "color": "red", "xray": "1", "key": "Backspace" }
    },
    {
      "type": "wokwi-pushbutton-6mm",
      "id": "btn3",
      "top": 170.6,
      "left": 124.8,
      "attrs": { "color": "black", "xray": "1", "key": "Shift" }
    },
    {
      "type": "wokwi-pushbutton-6mm",
      "id": "btn4",
      "top": 209,
      "left": 96,
      "attrs": { "color": "blue", "xray": "1", "key": "2" }
    },
    { "type": "wokwi-text", "id": "text1", "top": 105.6, "left": 96, "attrs": { "text": "UP" } },
    { "type": "wokwi-text", "id": "text2", "top": 144, "left": 57.6, "attrs": { "text": "back" } },
    {
      "type": "wokwi-text",
      "id": "text3",
      "top": 144,
      "left": 124.8,
      "attrs": { "text": "select" }
    },
    {
      "type": "wokwi-text",
      "id": "text4",
      "top": 182.4,
      "left": 86.4,
      "attrs": { "text": "down" }
    },
    {
      "type": "wokwi-led",
      "id": "led1",
      "top": 193.6,
      "left": -149.4,
      "rotate": 180,
      "attrs": { "color": "cyan" }
    }
  ],
  "connections": [
    [ "esp:TX", "$serialMonitor:RX", "", [] ],
    [ "esp:RX", "$serialMonitor:TX", "", [] ],
    [ "esp:GND.3", "oled1:GND", "black", [ "v9.6", "h-67.2" ] ],
    [ "esp:3V3", "oled1:VCC", "red", [ "v-19.05", "h57.6", "v134.4", "h-28.8" ] ],
    [ "esp:5", "oled1:SCL", "blue", [ "v28.8", "h-19.2" ] ],
    [ "oled1:SDA", "esp:18", "magenta", [ "v-28.8", "h0.07" ] ],
    [ "esp:0", "btn1:1.l", "green", [ "v0" ] ],
    [ "esp:GND.2", "btn1:2.r", "black", [ "h76.8", "v66.8" ] ],
    [ "esp:GND.2", "btn3:2.r", "black", [ "v0", "h96", "v105.6" ] ],
    [ "btn3:2.r", "btn4:2.r", "green", [ "h0.8", "v38.8" ] ],
    [ "btn4:2.l", "btn2:2.r", "green", [ "h0" ] ],
    [ "esp:2", "btn4:1.l", "green", [ "v0" ] ],
    [ "esp:4", "btn3:1.l", "green", [ "v76.8", "h124.8" ] ],
    [ "esp:16", "btn2:1.l", "green", [ "v0" ] ],
    [ "led1:C", "oled1:GND", "green", [ "h0" ] ],
    [ "led1:A", "oled1:SDA", "green", [ "h0" ] ],
    [ "esp:VN", "esp:3V3", "green", [ "v-19.05", "h67.2" ] ],
    [ "esp:34", "esp:VN", "green", [ "v0" ] ]
  ],
  "dependencies": {}
}